id;static_page_id
307d25ea-1abf-463b-a13c-6e5cdf430078;89db9b64-95c8-44b2-b4e5-fa6a9945e6dc
7a130112-be0d-4109-8c97-6944ea842564;03b07af2-ba8e-44ac-a1e0-879fe684eb1d
62d4a961-9832-4745-9348-c55f85828607;18d26eea-243b-4c75-9f6c-15f4e8feed04
47a7de20-3654-4d27-b15a-ebf2511276e8;f0845724-0076-473d-8be0-872c0044c8aa
a50e77ef-e65a-4d42-bd35-620ba716b661;3a987e61-be9e-49ac-8a70-baf73aea53af
4c1ee6b8-cbdc-4e53-9fd9-468d9342c6d1;411aafa8-edff-44c1-a462-7310d78a4832
e97ac749-ac2c-4d15-b5ba-486004e3bc29;aaa005b1-3bf3-4b5e-941e-52e75c6d2364
910afe97-7182-44fe-b27d-3f4ccfb514fd;73099fe9-1381-4013-a6d7-3034bcbb0204
cd1cf32a-9629-4376-a612-d2a2a7e66a55;ba0cb1ef-a2b5-4644-9c9e-e7af4c83f965
def5a8f3-188d-47cb-b692-e59f2a45ab23;cadd587e-fd9f-4c90-8205-44b2b07e9bbf
